id,name,gender,age,Salary
1,Gabriello Bensley,M,51,584.12
2,Bette-ann Bruckman,F,35,1133.22
3,Priscilla Rising,F,52,499.29
4,Sonny Pipping,M,38,606.06
5,Theodora Daulton,F,29,710.35
6,Koo Petters,F,39,1419.63
7,Kinnie Wastall,M,41,711.42
8,Kamilah Noteyoung,F,55,1181.41
9,Grazia O'Scollain,F,40,554.16
10,Fleurette Cowherd,F,34,1046.87
11,Delcine Lievesley,F,24,785.32
12,Lyn Samms,M,41,1012.23
13,Hiram Espinoza,M,35,1204.66
14,Sacha Coffey,F,50,1262.57
15,Saleem Carnilian,M,55,520.11
16,Nonah Ivannikov,,30,839.4
17,Dallas Girdler,Female,44,995.53
18,Alaster Cardenoza,M,32,910.52
19,Yanaton Joules,M,48,612.65
20,Binny Paolinelli,Female,29,707.83
21,Mari Grevatt,F,48,919.24
22,Winslow Whear,M,46,1054.75
23,Cristabel Prando,Female,35,700.64
24,Morganne Woodings,F,43,649.72
25,Norina Trenoweth,F,34,1348.61
26,Aluino Greedier,M,51,1034.53
27,Tandy Kennsley,F,50,898.6
28,Duff Olland,M,49,428.32
29,Gertrude Morford,F,43,589.31
30,Cordelie Turbat,F,0,888.39
31,Iolanthe Lill,F,28,1368.37
32,Cyrille Dowty,male,22,812.32
33,Shepherd Konig,male,27,1402.83
34,Andrew Pawle,M,32,496.5
35,Vivienne Houseago,F,43,1473.08
36,Harris MacGrath,male,44,1112.29
37,Stacie Amdohr,F,2,865.77
38,Cindee Franciskiewicz,F,53,975.21
39,Truda Bernhard,F,44,917.94
40,Hillier Spellworth,M,53,1472.35
41,Pegeen McDarmid,F,100,567.42
42,Yorgos Kalewe,M,22,534.06
43,Theodore Manby,M,48,1431.52
44,Jilleen Golly,,54,1067.03
45,Tabbie Souster,F,40,1485.16
46,Graeme Ambrogio,Male,35,1248.54
47,Vi Kiehne,F,26,1396.54
48,Scarface Chown,Male,30,1277.03
49,Else Axston,F,51,1238.49
50,Velma Hartless,,48,736.26
51,Trevor Blanning,Male,40,439.4
52,Rutledge Kornas,M,150,1176.22
53,Daveen Gerson,F,25,1043.74
54,Derrek Cockell,M,47,504.58
55,Trina Rochell,F,46,1009.97
56,Gabie Corradino,M,27,1354.08
57,Hobart McLardie,M,38,626.41
58,Frasco Loram,M,35,647.7
59,Allina Lage,F,41,1020.06
60,Alex Moncreiff,,33,
61,Wynn Canape,M,51,1199.66
62,Laverna Froome,F,46,530.31
63,Ewan Hatchard,M,51,528.42
64,Tomaso Yukhnev,M,25,952.84
65,Dannye Discombe,F,27,1352.77
66,Adelice Boydon,F,54,652.75
67,Teddie Cliburn,M,44,1033.34
68,Penny Tomaszewicz,M,35,1264.21
69,Ronni Pinilla,F,42,1009.09
70,Nedda Toderini,F,47,857.04
71,Sarita Brace,F,51,851.41
72,Ricard Sheffield,M,29,470.1
73,Salvador Stevani,M,55,657.46
74,Valentino Domel,M,37,857.15
75,Jud Patron,M,26,715.19
76,Genny Marzelo,F,34,1499.5
77,Dulci Fortnon,F,47,749.88
78,Wait Ivons,M,30,955.07
79,Clywd Killock,M,32,1056.03
80,Fifi Grundell,F,40,1475.52
81,Ali Collacombe,M,44,1358.69
82,Corrinne Alves,F,22,1255.29
83,Loraine Scholte,F,27,559.03
84,Umberto Gilmour,M,50,499.08
85,Llywellyn Deere,M,45,577.27
86,Hermy Emanson,M,32,737.9
87,Washington Giffaut,M,52,1343.6
88,Madlin Skittreal,,37,1059.25
89,Isidro Ensor,M,32,1261.28
90,Calhoun Brasier,M,23,1187.55
91,Gay Taffrey,M,44,1498.29
92,Rudolfo Plimmer,M,29,491.95
93,Lethia Frisel,F,30,811.63
94,Lucita Maycock,F,51,524.22
95,Arron Woolmore,M,42,963.39
96,Selie Poveleye,F,41,1440.87
97,Alverta Pepis,F,22,565.84
98,Sephira Brayson,F,22,1407.26
99,Heloise Studde,F,46,799.5
100,Lari Thody,F,47,1375.57
101,Gearard Yuill,M,47,766
102,Dickie Tapply,M,37,1433.24
103,Jess Attersoll,,27,728.39
104,Britt Placstone,F,43,1050.15
105,Ernest Yurinov,M,49,808.27
106,Mela Travis,F,29,491.34
107,Griffie Barker,M,42,1186.16
108,Winni Auden,F,47,1021.88
109,Lawry O'Donoghue,M,49,1327.87
110,Alvinia Jopke,F,40,1434.78
111,Clive Gwilliam,M,22,841.38
112,Sibylla Thredder,F,38,489.86
113,Tyler Commuzzo,M,53,505.56
114,Nertie Phythean,F,52,553.55
115,Karl Barnewell,,50,536.67
116,Gran Fayers,M,25,472.07
117,Erv O'Dogherty,M,24,1087.27
118,Laurence Minor,M,45,1205.47
119,Averil Earney,M,40,869.22
120,Luke Dixcee,M,47,568.02
121,Davis Whiffen,M,51,1310.93
122,Fonz Burnhams,M,54,712.49
123,Kittie Gaisford,F,41,1431.66
124,Keefer Littleton,M,22,701.84
125,Flore Bulward,F,43,878.63
126,Maribeth Goude,F,39,842.77
127,Clementina Metterick,F,52,1150.33
128,Birdie Fernely,F,54,1464.97
129,Hynda Heaney`,F,30,717.67
130,Bendix Stefanovic,M,22,1409.44
131,Abraham Merricks,M,24,862.31
132,Frank Scanderet,F,29,845.06
133,Merwyn Adenet,M,52,826.65
134,Tremaine Stanyard,M,31,1148.09
135,Von Ervine,M,55,642.15
136,Sabina Emilien,F,35,828.4
137,Marv Veryard,M,43,1476.73
138,Charlotta Cheshir,F,48,1167.77
139,Karmen Saddington,F,45,1184.87
140,Davide Danshin,M,31,911.64
141,Audra Silverthorn,F,43,981.08
142,Riccardo Buttery,M,22,1211.99
143,Kearney Ede,M,22,1165.47
144,Stillman O' Mulderrig,M,47,971.08
145,Bell Moreno,F,38,671.08
146,Sascha Fillingham,M,47,1480.6
147,Nilson Ruggiero,M,22,1189.25
148,Carlee Plane,F,46,405.16
149,Anton Harriot,M,41,1240.97
150,Bevvy McCahey,F,26,1328.64
151,Lewiss Gockelen,M,52,1397.9
152,Elsey Broomhall,F,27,599.85
153,Derby Grimster,M,26,
154,Dorris Guillou,F,46,1487.93
155,Crissy Measen,,33,492.88
156,Hillary Menhenitt,M,52,752.37
157,Henrieta Standen,F,41,1499.89
158,Josselyn Tabbitt,F,42,851.69
159,Xaviera Dominick,F,32,1019.58
160,Warren Bendtsen,M,37,1322.63
161,Pat Rowthorne,M,34,497.21
162,Neille Gwillyam,F,53,1019.85
163,Burgess Spores,M,55,482.16
164,Padget Jermey,M,48,554.1
165,Walton Milazzo,M,42,972.77
166,Urbano Halley,M,51,561.23
167,Vin Cavozzi,M,52,902.47
168,Ardis Surgenor,F,41,1231.31
169,Orelie Skeech,F,30,463.61
170,Reginald Harbison,M,41,1214.08
171,Wyn Loosmore,,51,602.01
172,Gusty Sterricker,F,54,1195.13
173,Bertram Le Marquis,M,39,1498.96
174,Silvanus Branscombe,M,39,969.83
175,Scotti Adamo,M,43,1325.99
176,Brander McTeggart,M,37,1274.59
177,Laurie Ind,F,39,1036.32
178,Merrili Prenty,F,24,1427.86
179,Sharron Rao,F,39,418.47
180,Laird Matthisson,M,42,1203.92
181,Stillman Wanless,M,48,1262.21
182,Merilyn Olexa,,32,1155.21
183,Kalindi Tolcher,F,52,1313.64
184,Ivie Storrie,F,29,713.1
185,Letta McPhelimey,F,27,847.21
186,Cull Sexstone,M,38,1250.79
187,Dara McCrainor,F,25,1026.2
188,Clarance Birkmyre,M,23,1075.02
189,Odo Sinderland,M,39,1202.59
190,Mikael Rubi,M,43,778.39
191,Catina Duiguid,F,25,425.51
192,Marijo Nevison,F,51,1359.29
193,Celeste Dunsmuir,F,55,499.58
194,Vanni McDonnell,F,41,1041.82
195,Archibald Tirrey,M,53,702.51
196,Heath Cosby,F,46,1139.71
197,Rodrigo Dukesbury,M,40,1207.24
198,Hilarius Rabier,M,34,
199,Phylys Comberbach,F,40,1418.24
200,Karim Butner,M,43,614.24
6,Koo Petters,F,39,1419.63
7,Kinnie Wastall,M,41,711.42
8,Kamilah Noteyoung,F,55,1181.41
9,Grazia O'Scollain,F,40,554.16
10,Fleurette Cowherd,F,34,1046.87
11,Delcine Lievesley,F,24,785.32
12,Lyn Samms,M,41,1012.23
13,Hiram Espinoza,M,35,1204.66
